FID,dname2019,d,total2020,ttotal2020,2010,2016,2017,2018,2020,X_Coord,Y_Coord,Shape_Area,PDensity,AV_Inc_Rate,Inc_Rate,AV_Tmax,AV_Tmin,AV_Rfall,AV_Popn
0,88,88,0.09999651093820872,0.09999651093820872,MASAKA,MASAKA,MASAKA,MASAKA,MASAKA,31.85558349,-0.49125774,0.2126214412748583,0.016866921594054094,0.050946708913242676,0.21349969474353575,0.5116279069767442,0.5116279069767442,0.10858143607705781,0.10276650092142024
1,27,27,0.02515613551515997,0.02515613551515997,PALLISA,BUTEBO,BUTEBO,BUTEBO,BUTEBO,33.98428948,1.182228229,0.004531361452906231,0.08523879649308354,0.01591412820368446,0.12845478891667741,0.4651162790697674,0.6046511627906979,0.6085814360770578,0.04813235762820055
2,3,3,0.07571264087086982,0.07571264087086982,ALEBTONG,ALEBTONG,ALEBTONG,ALEBTONG,ALEBTONG,33.25570815,2.266683575,0.14436431975523806,0.019046093448148803,0.00022522407235835205,0.0,0.7209302325581395,0.6279069767441858,0.3485113835376532,0.07909401271170877
3,131,132,0.19134014863403231,0.19134014863403231,TORORO,TORORO,TORORO,TORORO,TORORO,34.08224567,0.724973589,0.10577263028341419,0.05747072242143771,0.02407850082667472,0.05407107790932962,0.4883720930232558,0.5348837209302326,0.6768826619964974,0.1930096573043555
4,95,95,0.024214088831513204,0.024214088831513204,MOROTO,MOROTO,MOROTO,MOROTO,MOROTO,34.63164758,2.648687491,0.35545979630964986,0.003014138190779385,0.015878297101263816,0.19328757873624777,0.7209302325581395,0.7209302325581395,0.6978984238178634,0.028197607682258527
5,42,42,0.13296814486584557,0.13296814486584557,KIBAALE,KAGADI,KAGADI,KAGADI,KAGADI,30.81063925,1.014759742,0.1445141855874857,0.03099903346855923,0.09562809363178935,0.31524122304206825,0.6744186046511631,0.5813953488372094,0.5814360770577933,0.13415708559749034
6,49,49,0.17773280764802343,0.17773280764802343,KAMULI,KAMULI,KAMULI,KAMULI,KAMULI,33.10749043,0.937092453,0.1402799500697716,0.041981820047710144,0.07782515445764508,0.19441065545727462,0.7441860465116279,0.5348837209302326,0.42556917688266205,0.1796246936124981
7,10,10,0.0711768605422002,0.0711768605422002,BUDAKA,BUDAKA,BUDAKA,BUDAKA,BUDAKA,33.98856588,1.059667832,0.022906110682948067,0.07084645349017193,0.007765111767445908,0.04237132876917263,0.4883720930232558,0.5348837209302326,0.6768826619964974,0.07469374853196724
8,87,87,0.05554586371724643,0.05554586371724643,MARACHA,MARACHA,MARACHA,MARACHA,MARACHA,30.92691875,3.23693937,0.025932640297497193,0.05404167489659303,0.018888109704598154,0.12867181778848755,0.7209302325581395,0.7209302325581395,0.6190893169877408,0.05891020093411095
9,15,15,0.14828512612958375,0.14828512612958375,BUIKWE,BUIKWE,BUIKWE,BUIKWE,BUIKWE,33.04039905,0.305759286,0.13347271787885964,0.037098365851681595,0.031818018949534455,0.09244347729557374,0.41860465116279055,0.6511627906976742,0.340630472854641,0.1505445372819626
10,82,82,0.16555598199644114,0.16555598199644114,LUWERO,LUWERO,LUWERO,LUWERO,LUWERO,32.58325388,0.828944293,0.21459675811413428,0.02651521935954643,0.07932494203039502,0.21254261796249213,0.7441860465116279,0.5116279069767442,0.21366024518388793,0.16694355595981752
11,97,97,0.08286521754300269,0.08286521754300269,MPIGI,MPIGI,MPIGI,MPIGI,MPIGI,32.15897101,0.067045116,0.1411436222378387,0.020960502490393544,0.01923106454205292,0.09378571062244806,0.41860465116279055,1.0,0.29422066549912435,0.08593522505972738
12,58,58,0.12511775583545584,0.12511775583545584,KAYUNGA,KAYUNGA,KAYUNGA,KAYUNGA,KAYUNGA,32.89254433,0.981911916,0.16804488573706075,0.025809185317165834,0.02260430689851096,0.07619268847486446,0.7441860465116279,0.5348837209302326,0.42556917688266205,0.12775584058483602
13,75,75,0.08153937406231464,0.08153937406231464,KYANKWANZI,KYANKWANZI,KYANKWANZI,KYANKWANZI,KYANKWANZI,31.64157516,1.121404347,0.24087624128685742,0.012523558317457129,0.03963431800615272,0.19654242485228574,0.7441860465116279,0.6279069767441858,0.13047285464098074,0.08508207828672035
14,61,61,0.042601444471581595,0.042601444471581595,KIBOGA,KIBOGA,KIBOGA,KIBOGA,KIBOGA,31.95664773,0.840237379,0.1463402175710857,0.011798235408865421,0.045019220827084226,0.3728261069738097,0.7441860465116279,0.6279069767441858,0.13047285464098074,0.04648259896676896
15,99,99,0.22759150064547642,0.22759150064547642,MUKONO,MUKONO,MUKONO,MUKONO,MUKONO,32.7735516,0.275549674,0.2747096306925164,0.028493443775631545,0.1262483300146908,0.2513652898931239,0.44186046511627897,0.6976744186046515,0.1882661996497373,0.2290251027104258
16,102,102,0.0647220962283242,0.0647220962283242,NAKASEKE,NAKASEKE,NAKASEKE,NAKASEKE,NAKASEKE,32.16925121,1.048734315,0.34834328897690864,0.00695640556961505,0.07743101233101796,0.4685194045308849,0.44186046511627897,0.6976744186046515,0.21190893169877406,0.0679314364311623
17,56,56,0.09197166881825478,0.09197166881825478,MUBENDE,MUBENDE,MUBENDE,KASSANDA,KASSANDA,31.75480314,0.538224056,0.182958210375367,0.020132655773123943,0.0703262165938954,0.28565640191516606,0.41860465116279055,1.0,0.29422066549912435,0.10664311514200606
18,91,91,0.18743239942779386,0.18743239942779386,MBALE,MBALE,MBALE,MBALE,MBALE,34.19841761,1.019239443,0.03426597361251239,0.13072652879401275,0.03611263251109485,0.08431234167182519,0.4651162790697674,0.6046511627906979,0.6085814360770578,0.18902916409752735
19,18,18,0.02442343253899026,0.02442343253899026,BUKWO,BUKWO,BUKWO,BUKWO,BUKWO,34.68632401,1.278515853,0.0387592507502946,0.023940562298397423,0.005000998152138861,0.06206200319703045,0.3023255813953485,0.09302325581395343,0.45359019264448336,0.028672754676951934
20,52,52,0.026063291580893894,0.026063291580893894,KAPCHORWA,KAPCHORWA,KAPCHORWA,KAPCHORWA,KAPCHORWA,34.43003521,1.344533171,0.01980002826820463,0.036858667066253514,0.018616817071984686,0.21552577445300175,0.4651162790697674,0.6046511627906979,0.6085814360770578,0.030154475005515408
21,16,16,0.07334007885279649,0.07334007885279649,BUKEDEA,BUKEDEA,BUKEDEA,BUKEDEA,BUKEDEA,34.12431007,1.362279378,0.09074440576729711,0.028035839292957235,0.0023341403862592843,0.011539692181450519,0.4651162790697674,0.6046511627906979,0.6085814360770578,0.07727266250772802
22,40,40,0.10072921391437842,0.10072921391437842,KABAROLE,KABAROLE,KABAROLE,KABAROLE,KABAROLE,30.33457826,0.63594274,0.11875270212425149,0.029073136435411474,0.039516587241056306,0.16362810349269008,0.7674418604651159,0.4418604651162792,0.20840630472854643,0.10383106623468095
23,89,89,0.10167126059802518,0.10167126059802518,MASINDI,MASINDI,MASINDI,MASINDI,MASINDI,31.71229008,1.743848485,0.3957321715716245,0.0092344748607862,0.03419822789604886,0.14032571059163257,0.6511627906976742,0.6744186046511631,0.21366024518388793,0.10465503531417411
24,67,67,0.04507867834339346,0.04507867834339346,KAMWENGE,KAMWENGE,KAMWENGE,KAMWENGE,KITAGWENDA,30.34111041,0.012223198,0.055371182813989124,0.03440427650580772,0.015156556323933644,0.09830182611673205,0.7674418604651159,0.4418604651162792,0.20840630472854643,0.062306766606098615
25,24,24,0.11684867939011201,0.11684867939011201,BUSIA,BUSIA,BUSIA,BUSIA,BUSIA,34.00534568,0.411841822,0.060187228277132,0.0576224115590244,0.04321230951930018,0.15751306923947375,0.4883720930232558,0.5348837209302326,0.6768826619964974,0.11932867427691378
26,45,45,0.006315201842224623,0.006315201842224623,KALANGALA,KALANGALA,KALANGALA,KALANGALA,KALANGALA,32.44176529,-0.578521906,0.939751734075761,0.0,0.007017777345529558,0.15660779177671882,0.5116279069767442,0.5116279069767442,0.10858143607705781,0.010659191996206699
27,111,111,0.17155716827745018,0.17155716827745018,NTUNGAMO,NTUNGAMO,NTUNGAMO,NTUNGAMO,NTUNGAMO,30.27224187,-0.942122599,0.194356240959557,0.03009627563166386,0.06721402941221637,0.17369298250569737,0.5813953488372094,0.34883720930232576,0.25569176882662,0.17295841371193033
28,92,92,0.11918635079027248,0.11918635079027248,MBARARA,MBARARA,MBARARA,MBARARA,MBARARA,30.60633335,-0.493294881,0.11125170851045033,0.049021022078809845,0.06130701624172686,0.16003678191819332,0.44186046511627897,0.34883720930232576,0.008756567425569177,0.1708644127846788
29,93,93,0.05066117720944838,0.05066117720944838,MITOOMA,MITOOMA,MITOOMA,MITOOMA,MITOOMA,30.02254358,-0.624298208,0.03716019029948112,0.04044804650632115,0.007345375996232616,0.05373731714602191,0.44186046511627897,0.34883720930232576,0.0,0.054166885480957064
30,103,103,0.057953316353232615,0.057953316353232615,NAKASONGOLA,NAKASONGOLA,NAKASONGOLA,NAKASONGOLA,NAKASONGOLA,32.4256299,1.35193589,0.3518667111810427,0.006271199396002713,0.021580561115063908,0.14156361158053735,0.7441860465116279,0.5348837209302326,0.42556917688266205,0.061591484633630136
31,98,98,0.17644185478524824,0.17644185478524824,MUBENDE,MUBENDE,MUBENDE,MUBENDE,MUBENDE,31.37908272,0.504043056,0.2672112385709566,0.02120910273532148,0.03297997041374687,0.08799178078352413,0.5116279069767442,0.5116279069767442,0.10858143607705781,0.16451183477937342
32,28,28,0.0278427130944489,0.0278427130944489,BUVUMA,BUVUMA,BUVUMA,BUVUMA,BUVUMA,33.20887989,-0.391683027,1.0,0.0007119695617937125,0.004294613561560393,0.04892918849764588,0.44186046511627897,0.6976744186046515,0.21190893169877406,0.03233524938945704
33,41,41,0.02916855657513694,0.02916855657513694,KABERAMAIDO,KABERAMAIDO,KABERAMAIDO,KABERAMAIDO,KABERAMAIDO,33.12851396,1.694386122,0.07344529780041475,0.014849047584635422,0.005359309176345329,0.06610913676142592,0.7674418604651159,0.6744186046511631,0.44045534150612964,0.028789314925526346
34,129,129,0.10973099333589198,0.10973099333589198,SOROTI,SOROTI,SOROTI,SOROTI,SOROTI,33.59094927,1.771080414,0.12956783374255257,0.02908367838486078,0.03149553902774864,0.12031099694391359,0.7674418604651159,0.6744186046511631,0.44045534150612964,0.11288759282474904
35,22,22,0.050940302152751124,0.050940302152751124,KABAROLE,KABAROLE,BUNYANGABU,BUNYANGABU,BUNYANGABU,30.17252681,0.494828331,0.032276352505633245,0.04442993936242412,0.023423303525268606,0.17064694780587697,0.7674418604651159,0.4418604651162792,0.20840630472854643,0.054425263046628605
36,34,34,0.07962039007710826,0.07962039007710826,IBANDA,IBANDA,IBANDA,IBANDA,IBANDA,30.48952855,-0.079168628,0.0819345034978366,0.032400065333661396,0.047880590291818736,0.24390362010468009,0.39534883720930214,0.34883720930232576,0.008756567425569177,0.08265712970006213
37,132,133,0.9999999999999999,0.9999999999999999,WAKISO,WAKISO,WAKISO,WAKISO,WAKISO,32.44603301,0.220384242,0.27734753819704505,0.12115123917337081,0.40380116809393896,0.19002447847954768,0.44186046511627897,0.6976744186046515,0.21190893169877406,1.0
38,4,4,0.04221764767454031,0.04221764767454031,AMOLATAR,AMOLATAR,AMOLATAR,AMOLATAR,AMOLATAR,32.73588259,1.619869427,0.1698427592060202,0.010846739025051264,0.012228643383275067,0.09617680677452908,0.7209302325581395,0.6279069767441858,0.3485113835376532,0.04971817889337165
39,79,79,0.03304141516346254,0.03304141516346254,LAMWO,LAMWO,LAMWO,LAMWO,LAMWO,32.72385538,3.550607498,0.5570018398152944,0.00220616523073146,1.5356186751705795e-05,0.0017210066705929472,0.7441860465116279,0.6511627906976742,0.18213660245183888,0.03695175187965694
40,38,38,0.02662154146749939,0.02662154146749939,KAABONG,KAABONG,KAABONG,KAABONG,KAABONG,34.1556303,3.543348506,0.4832366338230576,0.002830939462896816,0.023551271748199487,0.22257099533123795,0.3023255813953485,0.34883720930232576,0.9999999999999999,0.039415767704314805
41,35,35,0.12333833432190083,0.12333833432190083,IGANGA,IGANGA,IGANGA,IGANGA,IGANGA,33.47893318,0.72723142,0.04703902938795033,0.07105103885803103,0.08641438158076586,0.3078724765349455,0.41860465116279055,0.6511627906976742,0.340630472854641,0.12325294118998102
42,104,104,0.06555947105823244,0.06555947105823244,NAMAYINGO,NAMAYINGO,NAMAYINGO,NAMAYINGO,NAMAYINGO,33.804574,-0.317377048,0.47465656293320385,0.005612779112964112,0.04193262728999136,0.22750102846592649,0.5813953488372094,0.37209302325581395,0.5253940455341506,0.07689500827233962
43,124,124,0.0993335891978647,0.0993335891978647,RUKUNGIRI,RUKUNGIRI,RUKUNGIRI,RUKUNGIRI,RUKUNGIRI,29.88902131,-0.705915699,0.1420257028997227,0.024342029197538136,0.011957350750661597,0.04913587217982611,0.0697674418604648,0.0,0.034150612959719794,0.10179085996257471
44,118,118,0.05153344265726946,0.05153344265726946,NEBBI,NEBBI,PAKWACH,PAKWACH,PAKWACH,31.37024054,2.49313713,0.08956388070065124,0.02047244391985201,0.006654347592405854,0.049546194683408956,1.0,0.9534883720930232,0.20402802101576184,0.053103010608243545
45,121,121,0.05561564495307211,0.05561564495307211,KABALE,KABALE,RUBANDA,RUBANDA,RUBANDA,29.86602158,-1.171061254,0.05269620097607206,0.0329666183105095,0.003746909567416219,0.026232356040633266,0.0697674418604648,0.0,0.034150612959719794,0.0567424585518162
46,81,81,0.07606154704999825,0.07606154704999825,LUUKA,LUUKA,LUUKA,LUUKA,LUUKA,33.338492,0.803929372,0.048215268087820264,0.04694086265831712,0.012909434329267359,0.06730041102685692,0.41860465116279055,0.6511627906976742,0.340630472854641,0.0793396486622098
47,70,70,0.08206273333100729,0.08206273333100729,KOLE,KOLE,KOLE,KOLE,KOLE,32.76626708,2.291529207,0.09297347376116794,0.030099766096191607,0.00030200500611688114,8.676018962659217e-05,0.7209302325581395,0.6279069767441858,0.3485113835376532,0.08559806465807593
48,46,46,0.08352813928334671,0.08352813928334671,KALIRO,KALIRO,KALIRO,KALIRO,KALIRO,33.48334761,1.067591353,0.07158404973768093,0.03770033866605437,0.021411643060795144,0.10374805486589662,0.41860465116279055,0.6511627906976742,0.340630472854641,0.08669262563770401
49,114,114,0.05139388018561809,0.05139388018561809,GULU,OMORO,OMORO,OMORO,OMORO,32.46816936,2.667594923,0.1443880001521622,0.013983790426081843,0.005103372730483566,0.036315650958584536,0.7209302325581395,0.6279069767441858,0.3485113835376532,0.05583980903578484
50,123,123,0.01964341788493074,0.01964341788493074,KABALE,KABALE,RUKIGA,RUKIGA,RUKIGA,30.09125978,-1.150517177,0.024715834873999337,0.02858597790311771,0.0006603160303233503,0.012151562457468248,0.44186046511627897,0.34883720930232576,0.008756567425569177,0.024852444424264042
51,7,7,0.05851156623983811,0.05851156623983811,AMURU,AMURU,AMURU,AMURU,AMURU,31.97460856,3.051434373,0.3603130650723546,0.006172130047795007,0.0031428995551824575,0.020040613306863346,0.7674418604651159,0.6744186046511631,0.159369527145359,0.0622179044045784
52,68,68,0.06088412825791145,0.06088412825791145,KITGUM,KITGUM,KITGUM,KITGUM,KITGUM,33.25808444,3.398009313,0.4198176923474272,0.005392242096678015,0.04878148658125215,0.3090387682679724,0.7441860465116279,0.6511627906976742,0.18213660245183888,0.06430592832906269
53,51,51,0.07962039007710826,0.07962039007710826,KANUNGU,KANUNGU,KANUNGU,KANUNGU,KANUNGU,29.72584793,-0.810181411,0.12036459427785018,0.02329074771238898,0.024083619555591955,0.1222830395458447,0.0697674418604648,0.0,0.005253940455341506,0.08246423000543579
54,134,135,0.08164404591605318,0.08164404591605318,ZOMBO,ZOMBO,ZOMBO,ZOMBO,ZOMBO,30.89543421,2.518740651,0.07389086731681824,0.03601211522025642,0.009689753840326372,0.0471849968630597,0.7209302325581395,0.7209302325581395,0.6190893169877408,0.08472256104723369
55,37,37,0.1625902794738495,0.1625902794738495,JINJA,JINJA,JINJA,JINJA,JINJA,33.21271641,0.565490173,0.05614607683459801,0.08149197281555749,0.11089726199190218,0.3036020042667671,0.41860465116279055,0.6511627906976742,0.340630472854641,0.1638254117545614
56,133,134,0.21440284707442167,0.21440284707442167,YUMBE,YUMBE,YUMBE,YUMBE,YUMBE,31.28872193,3.520533532,0.2264789334343474,0.03252246209071339,0.006183424532020208,0.009954236843064868,0.9534883720930232,0.8837209302325579,0.8590192644483362,0.21733714909573076
57,29,29,0.12752520847144203,0.12752520847144203,BUYENDE,BUYENDE,BUYENDE,BUYENDE,BUYENDE,33.14686876,1.260502259,0.17506960716065112,0.025402771430414466,0.005942844272910151,0.017841746919536362,0.7441860465116279,0.5348837209302326,0.42556917688266205,0.1307563244013139
58,66,66,0.09291371550190154,0.09291371550190154,KISORO,KISORO,KISORO,KISORO,KISORO,29.68018508,-1.217245916,0.05656934353012851,0.049599310560813126,0.011122997937152247,0.048165331978235776,0.0,0.046511627906976605,0.063922942206655,0.09617628583941336
59,101,101,0.022399776700045355,0.022399776700045355,NAKAPIRIPIRIT,NAKAPIRIPIRIT,NAKAPIRIPIRIT,NAKAPIRIPIRIT,NAKAPIRIPIRIT,34.60799757,1.781011369,0.23188847457446077,0.009132177412238894,0.023233910555330903,0.1607160059820142,0.7209302325581395,0.7209302325581395,0.6978984238178634,0.0578849862828435
60,32,32,0.09647255852901154,0.09647255852901154,GULU,GULU,GULU,GULU,GULU,32.39509636,2.974827438,0.17788952609785832,0.01930759543235345,0.0798163400064496,0.3466583900258285,0.7674418604651159,0.6744186046511631,0.159369527145359,0.09911920218416938
61,17,17,0.03750741425630648,0.03750741425630648,BUKOMANSIMBI,BUKOMANSIMBI,BUKOMANSIMBI,BUKOMANSIMBI,BUKOMANSIMBI,31.62825631,-0.129708375,0.04296152360458016,0.029391659163597903,0.00666970377915756,0.061628825895080855,0.5116279069767442,0.5116279069767442,0.10858143607705781,0.041237728297272576
62,30,30,0.05805798820697114,0.05805798820697114,DOKOLO,DOKOLO,DOKOLO,DOKOLO,DOKOLO,33.07589723,1.93734203,0.09455051804586212,0.02221918802784673,0.006613397761067972,0.043032870629441694,0.7674418604651159,0.6744186046511631,0.44045534150612964,0.06166962294748578
63,74,74,0.02107393321935731,0.02107393321935731,KWEEN,KWEEN,KWEEN,KWEEN,KWEEN,34.56952448,1.436639768,0.06312162206918698,0.01527398878002977,0.0056715516402966815,0.07674527567839316,0.4651162790697674,0.6046511627906979,0.6085814360770578,0.025265969880318644
64,126,126,0.10830047800146542,0.10830047800146542,SERERE,SERERE,SERERE,SERERE,SERERE,33.37235168,1.488110199,0.1873774536399519,0.02048087405329856,0.012586954407481537,0.04751905110692428,0.7674418604651159,0.6744186046511631,0.44045534150612964,0.1112430850300771
65,6,6,0.06137259690869125,0.06137259690869125,AMURIA,AMURIA,AMURIA,AMURIA,AMURIA,33.63802027,2.007912428,0.1259896415145653,0.017855714238367845,0.0034756169348027503,0.02157294866445436,0.7674418604651159,0.6744186046511631,0.44045534150612964,0.0640493598881207
66,1,1,0.06517567426119117,0.06517567426119117,ADJUMANI,ADJUMANI,ADJUMANI,ADJUMANI,ADJUMANI,31.76965381,3.223490839,0.30982146047768544,0.007914001194966337,0.0013718193498190533,0.0075023535306408,0.9534883720930232,0.8837209302325579,0.8590192644483362,0.06835837013463984
67,76,76,0.13673633160043264,0.13673633160043264,KYEGEGWA,KYEGEGWA,KYEGEGWA,KYEGEGWA,KYEGEGWA,31.00208583,0.450671599,0.16479799054077218,0.02889363668239185,0.015479036245719465,0.046526903399333935,0.7906976744186047,0.4418604651162792,0.21628721541155865,0.14127434510372694
68,77,77,0.16618401311887232,0.16618401311887232,KYENJOJO,KYENJOJO,KYENJOJO,KYENJOJO,KYENJOJO,30.66236766,0.656269609,0.22861599973687155,0.02528368965013608,0.005779044947558622,0.012697032757492687,0.7906976744186047,0.4418604651162792,0.21628721541155865,0.16907990002415568
69,55,55,0.25962108788946653,0.25962108788946653,KASESE,KASESE,KASESE,KASESE,KASESE,30.00187558,0.117655475,0.3397037113679031,0.026323081523985867,0.10476502474905432,0.18363316896710177,0.7674418604651159,0.4418604651162792,0.20840630472854643,0.2603611810297585
70,127,127,0.059802519102613305,0.059802519102613305,SHEEMA,SHEEMA,SHEEMA,SHEEMA,SHEEMA,30.32664054,-0.603639054,0.05361843730287238,0.035712396727604304,0.007109914466039794,0.04520811183194012,0.44186046511627897,0.34883720930232576,0.0,0.06329312595054919
71,122,122,0.03314608701720108,0.03314608701720108,RUBIRIZI,RUBIRIZI,RUBIRIZI,RUBIRIZI,RUBIRIZI,29.99239973,-0.260218053,0.1356053978135774,0.01050692451035176,0.015996027866360226,0.15894829921780826,0.7674418604651159,0.4418604651162792,0.20840630472854643,0.03707988652562011
72,25,25,0.0877150134328879,0.0877150134328879,BUTALEJA,BUTALEJA,BUTALEJA,BUTALEJA,BUTALEJA,33.93405829,0.883571586,0.04876335641572887,0.052737264688590524,0.06448062817041272,0.3011930791708558,0.4651162790697674,0.6046511627906979,0.6085814360770578,0.0912808507003935
73,60,60,0.05202191130804927,0.05202191130804927,KIBAALE,KIBAALE,KIBAALE,KIBAALE,KIBAALE,31.06735108,0.802205372,0.10302511965311595,0.10713148775109713,0.04401594995930611,0.05395695065777431,0.6511627906976742,0.6744186046511631,0.21366024518388793,0.3596181259740307
74,63,63,0.10802135305816266,0.10802135305816266,HOIMA,HOIMA,HOIMA,KIKUUBE,KIKUUBE,30.95006965,1.308134201,0.29690166025715975,0.012941784883073548,0.010718618352690662,0.040742474993438874,0.6511627906976742,0.6744186046511631,0.21366024518388793,0.1096563108217768
75,83,83,0.08422595164160357,0.08422595164160357,LWENGO,LWENGO,LWENGO,LWENGO,LWENGO,31.4258625,-0.413364853,0.08805575504052321,0.03208497835789815,0.05480623051683806,0.26596422339945425,0.44186046511627897,0.5116279069767442,0.13222416812609455,0.08737086475649156
76,2,2,0.07051393880185618,0.07051393880185618,AGAGO,AGAGO,AGAGO,AGAGO,AGAGO,33.3460581,2.91012746,0.35212136719788706,0.007444676101881155,0.008819569924396375,0.04879888313039275,0.7209302325581395,0.6279069767441858,0.3485113835376532,0.07382144256869828
77,8,8,0.06193084679529674,0.06193084679529674,APAC,APAC,APAC,APAC,APAC,32.42940368,1.870617401,0.169317394760985,0.01364856617882862,0.007360732182984321,0.04610286067971711,0.7209302325581395,0.6279069767441858,0.3485113835376532,0.0643690433032734
78,119,119,0.10617215030878197,0.10617215030878197,PALLISA,PALLISA,PALLISA,PALLISA,PALLISA,33.67530899,1.231452365,0.07046344850184394,0.03923329139949234,0.012940146702770768,0.06036946414045452,0.4651162790697674,0.6046511627906979,0.6085814360770578,0.08938085738557483
79,80,80,0.14982031331774887,0.14982031331774887,LIRA,LIRA,LIRA,LIRA,LIRA,32.96344881,2.303547609,0.11958328485716482,0.04114446963566447,0.021109638054678262,0.060004667808257126,0.7209302325581395,0.6279069767441858,0.3485113835376532,0.15167023655628842
80,71,71,0.05491783259481525,0.05491783259481525,KOTIDO,KOTIDO,KOTIDO,KOTIDO,KOTIDO,33.9881045,3.024093402,0.36464546768422534,0.006132467074008495,0.09253126263686201,0.5998336478833486,0.39534883720930214,0.39534883720930214,0.4851138353765324,0.06264078091651255
81,47,47,0.050591395973622694,0.050591395973622694,KALUNGU,KALUNGU,KALUNGU,KALUNGU,KALUNGU,31.80266332,-0.102091045,0.06814828271095436,0.026012531677600093,0.03066630494315652,0.2245644253287514,0.44186046511627897,0.6976744186046515,0.21190893169877406,0.05408996142409603
82,107,107,0.038100554760824815,0.038100554760824815,NAPAK,NAPAK,NAPAK,NAPAK,NAPAK,34.26380145,2.392251467,0.4545805407305027,0.003230836569272686,0.003352767440789104,0.031174385193084162,0.7209302325581395,0.7209302325581395,0.6978984238178634,0.04176073207010084
83,106,106,0.08980845050765848,0.08980845050765848,NAMUTUMBA,NAMUTUMBA,NAMUTUMBA,NAMUTUMBA,NAMUTUMBA,33.68173166,0.8686551,0.0657201189945272,0.042901703209930475,0.013334288829397885,0.060017177416993986,0.4883720930232558,0.5348837209302326,0.6768826619964974,0.09291393503071774
84,12,12,0.15048323505809288,0.15048323505809288,BUGIRI,BUGIRI,BUGIRI,BUGIRI,BUGIRI,33.77445342,0.5312845,0.09109920458093301,0.04920163944318188,0.06062110656681734,0.1868357388589461,0.5813953488372094,0.37209302325581395,0.5253940455341506,0.14344271224148752
85,115,115,0.029447681518439687,0.029447681518439687,OTUKE,OTUKE,OTUKE,OTUKE,OTUKE,33.38255686,2.474921764,0.1543585186285614,0.008558585751860855,0.00028664881936517523,0.005057953972417083,0.7209302325581395,0.6279069767441858,0.3485113835376532,0.03351928397848226
86,108,108,0.08146959282648895,0.08146959282648895,NEBBI,NEBBI,NEBBI,NEBBI,NEBBI,31.17741621,2.430231003,0.08487739697394908,0.05504132705494457,0.04472233454988458,0.12984940852295418,1.0,0.9534883720930232,0.20402802101576184,0.15193806730557452
87,48,48,0.5692404312480374,0.5692404312480374,KAMPALA,KAMPALA,KAMPALA,KAMPALA,KAMPALA,32.59696039,0.315722436,0.0,0.9999999999999999,1.0000000000000002,0.8392767670592728,0.44186046511627897,0.6976744186046515,0.21190893169877406,0.5649494154327035
88,117,117,0.05170789574683368,0.05170789574683368,PADER,PADER,PADER,PADER,PADER,32.8675033,2.929380998,0.32960906864339584,0.006088006714945141,0.011599039726455129,0.08324260504201064,0.7209302325581395,0.6279069767441858,0.3485113835376532,0.055385122026914244
89,0,0,0.03642580510100833,0.03642580510100833,ABIM,ABIM,ABIM,ABIM,ABIM,33.75308627,2.702986811,0.2713429275291893,0.005665410318123671,0.008650651870127611,0.08049874526056415,0.9534883720930232,0.9302325581395352,0.1514886164623468,0.04067619482407763
90,11,11,0.07745717176651198,0.07745717176651198,BUDUDA,BUDUDA,BUDUDA,BUDUDA,BUDUDA,34.40786299,1.031983721,0.012978219459001662,0.09901479142657005,0.0009316086629368197,0.0035655319705612584,0.4651162790697674,0.6046511627906979,0.6085814360770578,0.0813014316341536
91,86,86,0.04399706918809532,0.04399706918809532,MANAFWA,MANAFWA,MANAFWA,MANAFWA,MANAFWA,34.27092742,0.875102176,0.0045086690347299965,0.1980479797586644,0.024083619555591955,0.08160472673915294,0.4651162790697674,0.6046511627906979,0.6085814360770578,0.12731017783667825
92,128,128,0.07857367153972297,0.07857367153972297,SIRONKO,SIRONKO,SIRONKO,SIRONKO,SIRONKO,34.31871311,1.171582972,0.022397491265507503,0.0774477203044452,0.006260205465778737,0.031136966422082416,0.4651162790697674,0.6046511627906979,0.6085814360770578,0.08160215461245486
93,57,57,0.050765849063186916,0.050765849063186916,KATAKWI,KATAKWI,KATAKWI,KATAKWI,KATAKWI,34.03813142,1.922236886,0.23710121789187727,0.008450454842886007,0.0006551973014061147,0.004769169104450684,0.7674418604651159,0.6744186046511631,0.44045534150612964,0.05444249485184395
94,72,72,0.08223718642057151,0.08223718642057151,KUMI,KUMI,KUMI,KUMI,KUMI,33.96144136,1.473564044,0.09333526893021357,0.029993944498751122,0.011240728702248659,0.05444332131065775,0.8604651162790695,0.6511627906976742,0.12084063047285463,0.08557390681274718
95,20,20,0.034960399148668914,0.034960399148668914,BULIISA,BULIISA,BULIISA,BULIISA,BULIISA,31.39165977,1.959893713,0.19453562743155658,0.007712056266363116,0.03893817087340872,0.37027447695711724,0.6511627906976742,0.6744186046511631,0.21366024518388793,0.038983191061389484
96,50,50,0.0998220578486445,0.0998220578486445,KAMWENGE,KAMWENGE,KAMWENGE,KAMWENGE,KAMWENGE,30.55841526,0.31574209,0.15922376818796996,0.016145244565915907,0.008788857550892964,0.04926287589081438,0.7674418604651159,0.4418604651162792,0.20840630472854643,0.07279812898089623
97,84,84,0.021422839398485747,0.021422839398485747,LYANTONDE,LYANTONDE,LYANTONDE,LYANTONDE,LYANTONDE,31.18807398,-0.22313448,0.07125616059922699,0.013949853134932164,0.07764088021662462,1.0000000000000002,0.41860465116279055,0.37209302325581395,0.05604203152364273,0.025529567304229027
98,130,130,0.0861798262447228,0.0861798262447228,SSEMBABULE,SSEMBABULE,SSEMBABULE,SSEMBABULE,SSEMBABULE,31.33988506,-0.026456478,0.22782575829253515,0.013817031860690599,0.0399363230122696,0.18990345443490575,0.5116279069767442,0.5116279069767442,0.10858143607705781,0.08916852638648201
99,26,26,0.02048079271483898,0.02048079271483898,BUTAMBALA,BUTAMBALA,BUTAMBALA,BUTAMBALA,BUTAMBALA,32.07471107,0.153687964,0.022326484703954673,0.030041156265443045,0.02554245729700401,0.3393351330050215,0.41860465116279055,1.0,0.29422066549912435,0.024637579726747287
100,64,64,0.047660584068943856,0.047660584068943856,KIRUHURA,KIRUHURA,KIRUHURA,KIRUHURA,KIRUHURA,30.91488455,-0.349679204,0.30263827188016384,0.006228007960235232,0.0036342975312370442,0.02792782990277796,0.41860465116279055,0.37209302325581395,0.05604203152364273,0.0514271258245866
101,14,14,0.03314608701720108,0.03314608701720108,BUHWEJU,BUHWEJU,BUHWEJU,BUHWEJU,BUHWEJU,30.35017701,-0.328909338,0.05234439752090015,0.023439725498685057,0.001289919687143289,0.014263668655168638,0.44186046511627897,0.34883720930232576,0.0,0.03703379842188809
102,43,43,0.14804089180419386,0.14804089180419386,KIBAALE,KAKUMIRO,KAKUMIRO,KAKUMIRO,KAKUMIRO,31.2983617,0.984753299,0.15645291506377287,0.023576293322733415,0.04778845317130851,0.19103390485492414,0.6511627906976742,0.6744186046511631,0.21366024518388793,0.10813657285798167
103,39,39,0.0696416733540351,0.0696416733540351,KABALE,KABALE,KABALE,KABALE,KABALE,30.0176788,-1.330880624,0.04523707964251824,0.046215286892943096,0.010938723696131778,0.060596397981059216,0.44186046511627897,0.34883720930232576,0.008756567425569177,0.07404432437832308
104,5,5,0.029936150169219498,0.029936150169219498,AMUDAT,AMUDAT,AMUDAT,AMUDAT,AMUDAT,34.87632876,1.802769479,0.15265511900130282,0.008789391483369862,0.020403253464099796,0.2151557321558502,0.8139534883720931,0.6976744186046515,0.03502626970227671,0.0341865113364153
105,90,90,0.1800355884302711,0.1800355884302711,MAYUGE,MAYUGE,MAYUGE,MAYUGE,MAYUGE,33.55178299,-0.088497336,0.3382457313874927,0.0185290154601512,0.03342529982954633,0.08106681356346808,0.41860465116279055,0.6511627906976742,0.340630472854641,0.1813745757309308
106,112,112,0.06521056487910401,0.06521056487910401,NWOYA,NWOYA,NWOYA,NWOYA,NWOYA,31.8374444,2.528414848,0.4821026255360412,0.005062721750623606,0.007258357604639615,0.04174243662085607,0.7441860465116279,0.6511627906976742,0.35288966725043786,0.07053787890903106
107,116,116,0.14116744007536372,0.14116744007536372,OYAM,OYAM,OYAM,OYAM,OYAM,32.48437905,2.372212589,0.2183229780965994,0.022601507620591623,0.005891656983737798,0.01582931405596513,0.7209302325581395,0.6279069767441858,0.3485113835376532,0.14374021542812399
108,69,69,0.07288650081992952,0.07288650081992952,KOBOKO,KOBOKO,KOBOKO,KOBOKO,KOBOKO,31.00797627,3.525584909,0.06035886732938291,0.03842033172868584,0.009459411039050784,0.050843121949315465,0.8139534883720931,0.7441860465116279,0.13397548161120842,0.07626777151347447
109,62,62,0.07030459509437913,0.07030459509437913,KIBUKU,KIBUKU,KIBUKU,KIBUKU,KIBUKU,33.80112178,1.053442641,0.031187100897280627,0.0588699798426998,0.004018202200029689,0.021659085207897593,0.39534883720930214,0.37209302325581395,0.6024518388791594,0.07391788552145534
110,73,73,0.058441785004012425,0.058441785004012425,APAC,APAC,APAC,KWANIA,KWANIA,32.73414836,1.916775917,0.12867724455081533,0.01741508269827113,0.003035406247920517,0.01890154189548673,0.7209302325581395,0.6279069767441858,0.3485113835376532,0.0636172284365325
111,100,100,0.014165590872614351,0.014165590872614351,NAKAPIRIPIRIT,NAKAPIRIPIRIT,NAKAPIRIPIRIT,NABILATUK,NABILATUK,34.50318522,2.023983636,0.17089711933240348,0.004861201779507624,0.013390594847487473,0.21879540465209235,0.7209302325581395,0.7209302325581395,0.6978984238178634,0.01813419915051716
112,13,13,0.04971913052580161,0.04971913052580161,IGANGA,IGANGA,IGANGA,BUGWERI,BUGWERI,33.6055819,0.626750016,0.01950589338008027,0.060138211619852056,0.008215559912162614,0.0584500279283435,0.41860465116279055,0.6511627906976742,0.340630472854641,0.05591488338173631
113,85,85,0.04015910121768257,0.04015910121768257,ARUA,ARUA,ARUA,ARUA,MADI OKOLLO,31.23117947,2.853115731,0.19371480480770936,0.008478696358078443,0.008384477966431377,0.07408113255320822,0.7209302325581395,0.7209302325581395,0.6190893169877408,0.04336358560592017
114,54,54,0.006768779875091585,0.006768779875091585,KAABONG,KAABONG,KAABONG,KAABONG,KARENGA,33.78819952,3.728055675,0.24981915864680948,0.0022276795571788293,0.001090289259371113,0.031111690409121432,0.3023255813953485,0.34883720930232576,0.9999999999999999,0.010875186752225232
115,105,105,0.06364048707302607,0.06364048707302607,MANAFWA,MANAFWA,NAMISINDWA,NAMISINDWA,NAMISINDWA,34.37284408,0.876601402,0.011093284553487799,0.0879697369115889,0.007130389381708734,0.04345075025736411,0.4651162790697674,0.6046511627906979,0.6085814360770578,0.06627868193226767
116,19,19,0.06332647151181048,0.06332647151181048,BULAMBULI,BULAMBULI,BULAMBULI,BULAMBULI,BULAMBULI,34.35970988,1.364461639,0.05293359107219813,0.038018194738391214,0.0034244296456303973,0.02019197590407236,0.4651162790697674,0.6046511627906979,0.6085814360770578,0.0673235917491168
117,109,109,0.04071735110428805,0.04071735110428805,NGORA,NGORA,NGORA,NGORA,NGORA,33.75444477,1.496346887,0.05582942045498169,0.02591545196460269,0.007713924478273556,0.06656674631973547,0.7674418604651159,0.6744186046511631,0.44045534150612964,0.044667128630430056
118,53,53,0.019085167998325245,0.019085167998325245,AMURIA,AMURIA,AMURIA,KAPELEBYONG,KAPELEBYONG,33.74387874,2.213390508,0.10679809757730038,0.009426968759322482,0.0,0.0036791089460724343,0.7674418604651159,0.6744186046511631,0.44045534150612964,0.02412914880394726
119,96,96,0.02107393321935731,0.02107393321935731,MOYO,MOYO,MOYO,MOYO,MOYO,31.76585394,3.642806887,0.08979278748753017,0.00809208477766527,0.00930073044261649,0.17068777828835244,0.9534883720930232,0.8837209302325579,0.8590192644483362,0.015151767571053267
120,110,110,0.00938557621855483,0.00938557621855483,NTOROKO,NTOROKO,NTOROKO,NTOROKO,NTOROKO,30.36318735,1.010473312,0.12839750672088607,0.005434520704295417,0.01256136076289536,0.24085578783644887,0.6744186046511631,0.5813953488372094,0.5814360770577933,0.0137428121736634
121,21,21,0.07491015665887443,0.07491015665887443,BUNDIBUGYO,BUNDIBUGYO,BUNDIBUGYO,BUNDIBUGYO,BUNDIBUGYO,30.05622743,0.695553758,0.06985266850107716,0.03513819292586509,0.06179329548886421,0.3302393267908202,0.7674418604651159,0.41860465116279055,0.13835376532399302,0.07837398222410312
122,65,65,0.09235546561529605,0.09235546561529605,KIRYANDONGO,KIRYANDONGO,KIRYANDONGO,KIRYANDONGO,KIRYANDONGO,32.04084505,2.022927907,0.3649794029506062,0.009167002487135978,0.03888186485531913,0.17409380357625132,0.7441860465116279,0.6279069767441858,0.13047285464098074,0.09528707520572913
123,94,94,0.1093471965388507,0.1093471965388507,MITYANA,MITYANA,MITYANA,MITYANA,MITYANA,32.05964517,0.443251747,0.14733228864105638,0.025752848681298825,0.04843853174379739,0.18733120740909273,0.41860465116279055,1.0,0.29422066549912435,0.11211407521995638
124,78,78,0.07393321935731481,0.07393321935731481,RAKAI,RAKAI,KYOTERA,KYOTERA,KYOTERA,31.66142276,-0.806199509,0.2392393439908162,0.007709295652348699,0.06451645927283337,0.5066823688547282,0.44186046511627897,0.5116279069767442,0.13222416812609455,0.04963332290443565
125,31,31,0.043508600537315506,0.043508600537315506,GOMBA,GOMBA,GOMBA,GOMBA,GOMBA,31.70265321,0.195672489,0.1566305548893366,0.011178098313646431,0.0007217407773301734,0.006459727167267703,0.41860465116279055,1.0,0.29422066549912435,0.04704763691226559
126,120,120,0.09371619971389693,0.09371619971389693,RAKAI,RAKAI,RAKAI,RAKAI,RAKAI,31.30366284,-0.707011589,0.14832268856712136,0.027988363984422664,0.014158404185072764,0.04851369339924809,0.5116279069767442,0.5116279069767442,0.10858143607705781,0.12336757055528579
127,23,23,0.06950211088238373,0.06950211088238373,BUSHENYI,BUSHENYI,BUSHENYI,BUSHENYI,BUSHENYI,30.15184791,-0.483757947,0.07555697128526873,0.030877697071617083,0.029755171195888643,0.16932731248188215,0.44186046511627897,0.34883720930232576,0.0,0.07267183840792976
128,36,36,0.19095635183699103,0.19095635183699103,ISINGIRO,ISINGIRO,ISINGIRO,ISINGIRO,ISINGIRO,30.87765214,-0.853238973,0.26067936984186646,0.02216075749930396,0.005241578411248919,0.011353295342764379,0.44186046511627897,0.34883720930232576,0.008756567425569177,0.16795333159423714
129,125,125,0.03332054010676529,0.03332054010676529,MBARARA,MBARARA,MBARARA,MBARARA,RWAMPARA,30.49346102,-0.746372752,0.04037327450704085,0.028403739465733813,0.003439785832382103,0.03516161203880723,0.44186046511627897,0.34883720930232576,0.008756567425569177,0.03737777118838552
130,33,33,0.11353407068839189,0.11353407068839189,HOIMA,HOIMA,HOIMA,HOIMA,HOIMA,31.2136292,1.581818596,0.26071996907087336,0.0313477804983694,0.06856537384636648,0.12900722937992767,0.6511627906976742,0.6744186046511631,0.21366024518388793,0.23995546283542657
131,44,44,0.03126199364990753,0.03126199364990753,KABERAMAIDO,KABERAMAIDO,KABERAMAIDO,KABERAMAIDO,KALAKI,33.33627829,1.83500015,0.05749364000346243,0.023190471052321936,0.0038953527060160424,0.03743278469833464,0.7674418604651159,0.6744186046511631,0.44045534150612964,0.03997454824578696
132,113,113,0.0,0.0,MOYO,MOYO,MOYO,MOYO,OBONGI,31.55684202,3.392000113,0.06921411013188286,0.00408890222495511,0.0037110784649955733,0.1652295168363559,0.9534883720930232,0.8837209302325579,0.8590192644483362,0.0
133,59,59,0.058790691183140856,0.058790691183140856,KIRUHURA,KIRUHURA,KIRUHURA,KIRUHURA,KAZO,30.79238326,0.041518716,0.14465498771797064,0.015352649505619374,0.010396138430904839,0.06733199687179074,0.44186046511627897,0.34883720930232576,0.008756567425569177,0.06225186311613681
134,9,131,0.06440808066710861,0.06440808066710861,ARUA,ARUA,ARUA,ARUA,TEREGO,31.16058663,3.174899983,0.09632713643756849,0.022106845303623952,0.012935027973853536,0.08366147516681252,0.7209302325581395,0.7209302325581395,0.6199649737302978,0.0624450908286098
135,9,9,0.16335787306793204,0.16335787306793204,ARUA,ARUA,ARUA,ARUA,ARUA,30.95494489,2.919659155,0.10860811028146583,0.04927851976197838,0.07891032498809895,0.2100097340163702,0.7209302325581395,0.7209302325581395,0.6199649737302978,0.16812053096491353
